<core:FragmentDefinition xmlns:mvc="sap.ui.core.mvc" controllerName="prestamosgp2.controller.DetailConsumo" xmlns="sap.m" xmlns:core="sap.ui.core" xmlns:layout="sap.ui.layout" id="fCuadro">
    <layout:VerticalLayout >
        <Title text="INSTITUTO DE CRÉDITO OFICIALINSTITUTO DE CRÉDITO OFICIAL" titleStyle="H3" width="100%" textAlign="Center" visible="true" wrapping="false"/>
        <Title text="Simulación del cálculo del cuadro de intereses de un préstamo de consumo" titleStyle="H5" width="100%" textAlign="Center" visible="true" wrapping="false"/>
        <Title text="FECHA:03.08.2023" titleStyle="H6" width="100%" textAlign="Center" visible="true" wrapping="false"/>
        <Table width="75%" noDataText="No data" mode="None" showSeparators="All" growing="true" growingThreshold="20" growingScrollToLoad="true" class="sapUiTinyMarginTop sapUiTinyMarginBottom sapUiLargeMarginBegin sapUiLargeMarginEnd">
            <infoToolbar>
                <Toolbar width="100%" height="auto" design="Auto" visible="false" enabled="true">
                    <content>
                        <Label text="Label" design="Standard" width="100%" required="false" textAlign="Begin" textDirection="Inherit" visible="true"/>
                    </content>
                </Toolbar>
            </infoToolbar>
            <headerToolbar/>
            <columns>
                <Column width="auto" hAlign="Left" vAlign="Top" minScreenWidth="Phone" demandPopin="false" popinDisplay="Inline" mergeDuplicates="false">
                    <header>
                        <Text text="Datos Préstamo" width="auto" maxLines="1" wrapping="false" textAlign="Begin" textDirection="Inherit" visible="true"/>
                    </header>
                    <footer/>
                </Column>
                <Column width="auto" hAlign="Left" vAlign="Top" minScreenWidth="Tablet" demandPopin="true" popinDisplay="Inline" mergeDuplicates="false">
                    <header/>
                    <footer/>
                </Column>
                <Column width="auto" hAlign="Left" vAlign="Top" minScreenWidth="Tablet" demandPopin="true" popinDisplay="Inline" mergeDuplicates="false">
                    <header/>
                    <footer/>
                </Column>
            </columns>
            <items>
                <ColumnListItem type="Active">
                    <cells>
                        <ObjectIdentifier title="CÓDIGO:" text="" titleActive="false" visible="true"/>
                        <Text text="8101195801000" width="auto" maxLines="1" wrapping="false" textAlign="Begin" textDirection="Inherit" visible="true"/>
                        <ObjectNumber number="" unit="" emphasized="true" state="None"/>
                    </cells>
                </ColumnListItem>
                <ColumnListItem type="Active">
                    <cells>
                        <ObjectIdentifier title="PRESTATARIO:" text="GARCIA MURCIA, CLAUDIA" titleActive="false" visible="true"/>
                        <ObjectIdentifier title="D.N.I.:" text="05338267J" titleActive="false" visible="true"/>
                        <ObjectIdentifier title="TAE:" text="2,5" titleActive="false" visible="true"/>
                        <Text text="Supplier Name" width="auto" maxLines="1" wrapping="false" textAlign="Begin" textDirection="Inherit" visible="true"/>
                        <ObjectNumber number="150.00" unit="USD" emphasized="true" state="None"/>
                    </cells>
                </ColumnListItem>
                <ColumnListItem type="Active">
                    <cells>
                        <ObjectIdentifier title="DOMICILIO:" text="GENERAL ALVAREZ DE CASTRO" titleActive="false" visible="true"/>
                        <ObjectIdentifier title="POBLACIÓN:" text="MADRID" titleActive="false" visible="true"/>
                        <ObjectIdentifier title="COD. POST:" text="28010" titleActive="false" visible="true"/>
                        <Text text="Supplier Name" width="auto" maxLines="1" wrapping="false" textAlign="Begin" textDirection="Inherit" visible="true"/>
                        <ObjectNumber number="150.00" unit="USD" emphasized="true" state="None"/>
                    </cells>
                </ColumnListItem>
                <ColumnListItem type="Active">
                    <cells>
                        <ObjectIdentifier title="IMPORTE PRÉSTAMO:" text="12.974,7" titleActive="false" visible="true"/>
                        <ObjectIdentifier title="CARENCIA" text="0" titleActive="false" visible="true"/>
                        <ObjectIdentifier title="DEMORAS" text="0" titleActive="false" visible="true"/>
                        <layout:HorizontalLayout>
                            <layout:content/>
                        </layout:HorizontalLayout>
                        <layout:HorizontalLayout>
                            <layout:content/>
                        </layout:HorizontalLayout>
                    </cells>
                </ColumnListItem>
                <ColumnListItem type="Active">
                    <cells>
                        <ObjectIdentifier title="VENCIMIENTOS:" text="MENSUALES" titleActive="false" visible="true"/>
                        <ObjectIdentifier title="DIAS:" text="360" titleActive="false" visible="true"/>
                        <ObjectIdentifier title="PLAZOS" text="6" titleActive="false" visible="true"/>
                        <layout:HorizontalLayout>
                            <layout:content/>
                        </layout:HorizontalLayout>
                        <layout:HorizontalLayout>
                            <layout:content/>
                        </layout:HorizontalLayout>
                    </cells>
                </ColumnListItem>
            </items>
        </Table>
        <Table width="auto" noDataText="No data" mode="None" showSeparators="All" growing="true" growingThreshold="20" growingScrollToLoad="true" class="sapUiResponsiveMargin">
            <infoToolbar/>
            <headerToolbar/>
            <columns>
                <Column width="auto" hAlign="Left" vAlign="Top" minScreenWidth="Tablet" demandPopin="true" popinDisplay="Inline" mergeDuplicates="false">
                    <header>
                        <Text text="Fecha" width="auto" maxLines="1" wrapping="false" textAlign="Begin" textDirection="Inherit" visible="true"/>
                    </header>
                    <footer/>
                </Column>
                <Column width="auto" hAlign="Left" vAlign="Top" minScreenWidth="Tablet" demandPopin="true" popinDisplay="Inline" mergeDuplicates="false">
                    <header>
                        <Text text="Disposiciones" width="auto" maxLines="1" wrapping="false" textAlign="Begin" textDirection="Inherit" visible="true"/>
                    </header>
                    <footer/>
                </Column>
                <Column width="auto" hAlign="Left" vAlign="Top" minScreenWidth="Tablet" demandPopin="true" popinDisplay="Inline" mergeDuplicates="false">
                    <header>
                        <Text text="Cap. amortizado" width="auto" maxLines="1" wrapping="false" textAlign="Begin" textDirection="Inherit" visible="true"/>
                    </header>
                    <footer/>
                </Column>
                <Column width="auto" hAlign="Left" vAlign="Top" minScreenWidth="Tablet" demandPopin="true" popinDisplay="Inline" mergeDuplicates="false">
                    <header>
                        <Text text="T/I" width="auto" maxLines="1" wrapping="false" textAlign="Begin" textDirection="Inherit" visible="true"/>
                    </header>
                    <footer/>
                </Column>
                <Column width="auto" hAlign="Left" vAlign="Top" minScreenWidth="Tablet" demandPopin="true" popinDisplay="Inline" mergeDuplicates="false">
                    <header>
                        <Text text="Cuota" width="auto" maxLines="1" wrapping="false" textAlign="Begin" textDirection="Inherit" visible="true"/>
                    </header>
                    <footer/>
                </Column>
                <Column width="auto" hAlign="Left" vAlign="Top" minScreenWidth="Tablet" demandPopin="true" popinDisplay="Inline" mergeDuplicates="false">
                    <header>
                        <Text text="Amortizaciones" width="auto" maxLines="1" wrapping="false" textAlign="Begin" textDirection="Inherit" visible="true"/>
                    </header>
                    <footer/>
                </Column>
                <Column width="auto" hAlign="Left" vAlign="Top" minScreenWidth="Tablet" demandPopin="true" popinDisplay="Inline" mergeDuplicates="false">
                    <header>
                        <Text text="Intereses" width="auto" maxLines="1" wrapping="false" textAlign="Begin" textDirection="Inherit" visible="true"/>
                    </header>
                    <footer/>
                </Column>
                <Column width="auto" hAlign="Left" vAlign="Top" minScreenWidth="Tablet" demandPopin="true" popinDisplay="Inline" mergeDuplicates="false">
                    <header>
                        <Text text="Cap. pendiente" width="auto" maxLines="1" wrapping="false" textAlign="Begin" textDirection="Inherit" visible="true"/>
                    </header>
                    <footer/>
                </Column>
            </columns>
            <items>
                <ColumnListItem type="Active">
                    <cells>
                        <ObjectIdentifier title="01.06.2026" text="" titleActive="false" visible="true"/>
                        <Text text="0" width="auto" maxLines="1" wrapping="false" textAlign="Begin" textDirection="Inherit" visible="true"/>
                        <ObjectNumber number="8450,75" unit="" emphasized="true" state="None"/>
                        <Text text="0,9954" width="auto" maxLines="1" wrapping="false" textAlign="Begin" textDirection="Inherit" visible="true"/>
                        <Text text="255,12" width="auto" maxLines="1" wrapping="false" textAlign="Begin" textDirection="Inherit" visible="true"/>
                        <Text text="251,97" width="auto" maxLines="1" wrapping="false" textAlign="Begin" textDirection="Inherit" visible="true"/>
                        <Text text="3,15" width="auto" maxLines="1" wrapping="false" textAlign="Begin" textDirection="Inherit" visible="true"/>
                        <Text text="3.549,25" width="auto" maxLines="1" wrapping="false" textAlign="Begin" textDirection="Inherit" visible="true"/>
                    </cells>
                </ColumnListItem>
                <ColumnListItem type="Active">
                    <cells>
                        <ObjectIdentifier title="01.06.2026" text="" titleActive="false" visible="true"/>
                        <Text text="0" width="auto" maxLines="1" wrapping="false" textAlign="Begin" textDirection="Inherit" visible="true"/>
                        <ObjectNumber number="8450,75" unit="" emphasized="true" state="None"/>
                        <Text text="0,9954" width="auto" maxLines="1" wrapping="false" textAlign="Begin" textDirection="Inherit" visible="true"/>
                        <Text text="255,12" width="auto" maxLines="1" wrapping="false" textAlign="Begin" textDirection="Inherit" visible="true"/>
                        <Text text="251,97" width="auto" maxLines="1" wrapping="false" textAlign="Begin" textDirection="Inherit" visible="true"/>
                        <Text text="3,15" width="auto" maxLines="1" wrapping="false" textAlign="Begin" textDirection="Inherit" visible="true"/>
                        <Text text="3.549,25" width="auto" maxLines="1" wrapping="false" textAlign="Begin" textDirection="Inherit" visible="true"/>
                    </cells>
                </ColumnListItem>
                <ColumnListItem type="Active">
                    <cells>
                        <ObjectIdentifier title="01.06.2026" text="" titleActive="false" visible="true"/>
                        <Text text="0" width="auto" maxLines="1" wrapping="false" textAlign="Begin" textDirection="Inherit" visible="true"/>
                        <ObjectNumber number="8450,75" unit="" emphasized="true" state="None"/>
                        <Text text="0,9954" width="auto" maxLines="1" wrapping="false" textAlign="Begin" textDirection="Inherit" visible="true"/>
                        <Text text="255,12" width="auto" maxLines="1" wrapping="false" textAlign="Begin" textDirection="Inherit" visible="true"/>
                        <Text text="251,97" width="auto" maxLines="1" wrapping="false" textAlign="Begin" textDirection="Inherit" visible="true"/>
                        <Text text="3,15" width="auto" maxLines="1" wrapping="false" textAlign="Begin" textDirection="Inherit" visible="true"/>
                        <Text text="3.549,25" width="auto" maxLines="1" wrapping="false" textAlign="Begin" textDirection="Inherit" visible="true"/>
                    </cells>
                </ColumnListItem>
            </items>
        </Table>
        <SegmentedButton width="100%" enabled="true" visible="true">
            <items>
                <SegmentedButtonItem icon="sap-icon://sys-back-2" text="Volver" width="50%" enabled="true"/>
                <SegmentedButtonItem icon="sap-icon://print" text="Imprimir" width="50%" enabled="true"/>
            </items>
        </SegmentedButton>
    </layout:VerticalLayout>
</core:FragmentDefinition>