{
  "Component-preload.js.map": 1697548317607,
  "i18n/i18n_en.properties": 1697548250622,
  "controller/DetailCuadro2.controller.js": 1697548248946,
  "model/models.js": 1697548252102,
  "model/errorHandling.js": 1697548252098,
  "controller/utilities.js": 1697548248946,
  "controller/QuickView1.js": 1697548248946,
  "controller/MasterPage1.controller.js": 1697548248946,
  "controller/ListSelector.js": 1697548248946,
  "controller/DetailVivienda2.controller.js": 1697548248946,
  "controller/DetailVivienda.controller.js": 1697548248946,
  "controller/DetailHome.controller.js": 1697548248946,
  "utils/utils.js": 1697548256006,
  "controller/DetailCuadro.controller.js": 1697548248946,
  "controller/DetailCotitular.controller.js": 1697548248946,
  "controller/DetailConsumo2.controller.js": 1697548248946,
  "controller/DetailConsumo.controller.js": 1697548248946,
  "controller/DetailCondiciones3.controller.js": 1697548248946,
  "controller/DetailCondiciones2.controller.js": 1697548248910,
  "controller/DetailCondiciones.controller.js": 1697548248910,
  "controller/BaseController.js": 1697548248878,
  "controller/App.controller.js": 1697548248878,
  "manifest.json": 1697548316937,
  "Component.js": 1697548248274,
  "model/models-dbg.js": 1697548252102,
  "model/models.js.map": 1697548317180,
  "controller/DetailCuadro2-dbg.controller.js": 1697548248946,
  "controller/DetailCuadro2.controller.js.map": 1697548317187,
  "model/errorHandling-dbg.js": 1697548252098,
  "model/errorHandling.js.map": 1697548317153,
  "controller/utilities-dbg.js": 1697548248946,
  "controller/utilities.js.map": 1697548317144,
  "controller/QuickView1-dbg.js": 1697548248946,
  "controller/QuickView1.js.map": 1697548317167,
  "controller/MasterPage1-dbg.controller.js": 1697548248946,
  "controller/MasterPage1.controller.js.map": 1697548317228,
  "controller/ListSelector-dbg.js": 1697548248946,
  "controller/ListSelector.js.map": 1697548317184,
  "controller/DetailVivienda2-dbg.controller.js": 1697548248946,
  "controller/DetailVivienda2.controller.js.map": 1697548317235,
  "controller/DetailVivienda-dbg.controller.js": 1697548248946,
  "controller/DetailVivienda.controller.js.map": 1697548317253,
  "controller/DetailHome-dbg.controller.js": 1697548248946,
  "controller/DetailHome.controller.js.map": 1697548317229,
  "utils/utils-dbg.js": 1697548256006,
  "utils/utils.js.map": 1697548317240,
  "controller/DetailCuadro-dbg.controller.js": 1697548248946,
  "controller/DetailCuadro.controller.js.map": 1697548317242,
  "controller/DetailCotitular-dbg.controller.js": 1697548248946,
  "controller/DetailCotitular.controller.js.map": 1697548317253,
  "controller/DetailConsumo2-dbg.controller.js": 1697548248946,
  "controller/DetailConsumo2.controller.js.map": 1697548317257,
  "controller/DetailConsumo-dbg.controller.js": 1697548248946,
  "controller/DetailConsumo.controller.js.map": 1697548317326,
  "controller/DetailCondiciones3-dbg.controller.js": 1697548248946,
  "controller/DetailCondiciones3.controller.js.map": 1697548317327,
  "controller/DetailCondiciones2-dbg.controller.js": 1697548248910,
  "controller/DetailCondiciones2.controller.js.map": 1697548317327,
  "controller/DetailCondiciones-dbg.controller.js": 1697548248910,
  "controller/DetailCondiciones.controller.js.map": 1697548317327,
  "controller/BaseController-dbg.js": 1697548248878,
  "controller/BaseController.js.map": 1697548317334,
  "controller/App-dbg.controller.js": 1697548248878,
  "controller/App.controller.js.map": 1697548317330,
  "Component-dbg.js": 1697548248274,
  "Component.js.map": 1697548317334,
  "Component-preload.js": 1697548317607,
  "i18n/i18n.properties": 1697548250622,
  "view/QuickView1.fragment.xml": 1697548256622,
  "view/MasterPage1.view.xml": 1697548256614,
  "view/DetailVivienda2.view.xml": 1697548256614,
  "view/DetailVivienda.view.xml": 1697548256598,
  "view/DetailHome.view.xml": 1697548256598,
  "view/DetailCuadro2.view.xml": 1697548256574,
  "view/DetailCuadro.view.xml": 1697548256574,
  "view/DetailCotitular.view.xml": 1697548256574,
  "view/DetailConsumo2.view.xml": 1697548256550,
  "view/DetailConsumo.view.xml": 1697548256550,
  "view/DetailCondiciones3.view.xml": 1697548256550,
  "view/DetailCondiciones2.view.xml": 1697548256550,
  "view/DetailCondiciones.view.xml": 1697548256550,
  "view/App.view.xml": 1697548256546,
  "img/logoICO.jpg": 1697548251258,
  "css/style.css": 1697548249534,
  "fragment/detailVivienda.fragment.xml": 1697548250062,
  "fragment/detailCuadro.fragment.xml": 1697548250062,
  "fragment/detailConsumo.fragment.xml": 1697548250062,
  "fragment/detailCondiciones.fragment.xml": 1697548250058,
  "index.html": 1697548248274
}