{
  "controller/DetailVivienda-dbg.controller.js": 1696842652949,
  "i18n/i18n.properties": 1696581313484,
  "controller/DetailConsumo.controller.js": 1696850244144,
  "model/models.js": 1696850014660,
  "model/errorHandling.js": 1696581314092,
  "controller/utilities.js": 1696581312520,
  "controller/QuickView1.js": 1696581373871,
  "controller/MasterPage1.controller.js": 1696846975645,
  "controller/ListSelector.js": 1696581373867,
  "controller/DetailVivienda2.controller.js": 1696597774282,
  "controller/DetailVivienda.controller.js": 1696842652949,
  "controller/DetailHome.controller.js": 1696581373867,
  "controller/DetailCuadro2.controller.js": 1696581373871,
  "controller/DetailCuadro.controller.js": 1696581373871,
  "controller/DetailCotitular.controller.js": 1696581373871,
  "controller/DetailConsumo2.controller.js": 1696581373867,
  "utils/utils.js": 1696581314896,
  "controller/DetailCondiciones3.controller.js": 1696581373867,
  "controller/DetailCondiciones2.controller.js": 1696581373867,
  "controller/DetailCondiciones.controller.js": 1696581373871,
  "controller/BaseController.js": 1696581373867,
  "controller/App.controller.js": 1696581373867,
  "manifest.json": 1697528523864,
  "Component.js": 1696595162166,
  "controller/DetailHome-dbg.controller.js": 1696581373867,
  "controller/DetailHome.controller.js.map": 1697528524072,
  "model/models-dbg.js": 1696850014660,
  "model/models.js.map": 1697528524067,
  "model/errorHandling-dbg.js": 1696581314092,
  "model/errorHandling.js.map": 1697528524086,
  "controller/utilities-dbg.js": 1696581312520,
  "controller/utilities.js.map": 1697528524037,
  "controller/QuickView1-dbg.js": 1696581373871,
  "controller/QuickView1.js.map": 1697528524049,
  "controller/MasterPage1-dbg.controller.js": 1696846975645,
  "controller/MasterPage1.controller.js.map": 1697528524080,
  "controller/ListSelector-dbg.js": 1696581373867,
  "controller/ListSelector.js.map": 1697528524087,
  "controller/DetailVivienda2-dbg.controller.js": 1696597774282,
  "controller/DetailVivienda2.controller.js.map": 1697528524128,
  "i18n/i18n_en.properties": 1696581313484,
  "controller/DetailVivienda.controller.js.map": 1697528524137,
  "controller/DetailConsumo-dbg.controller.js": 1696850244144,
  "controller/DetailConsumo.controller.js.map": 1697528524155,
  "controller/DetailCuadro2-dbg.controller.js": 1696581373871,
  "controller/DetailCuadro2.controller.js.map": 1697528524140,
  "controller/DetailCuadro-dbg.controller.js": 1696581373871,
  "controller/DetailCuadro.controller.js.map": 1697528524153,
  "controller/DetailCotitular-dbg.controller.js": 1696581373871,
  "controller/DetailCotitular.controller.js.map": 1697528524145,
  "controller/DetailConsumo2-dbg.controller.js": 1696581373867,
  "controller/DetailConsumo2.controller.js.map": 1697528524165,
  "utils/utils-dbg.js": 1696581314896,
  "utils/utils.js.map": 1697528524154,
  "controller/DetailCondiciones3-dbg.controller.js": 1696581373867,
  "controller/DetailCondiciones3.controller.js.map": 1697528524224,
  "controller/DetailCondiciones2-dbg.controller.js": 1696581373867,
  "controller/DetailCondiciones2.controller.js.map": 1697528524225,
  "controller/DetailCondiciones-dbg.controller.js": 1696581373871,
  "controller/DetailCondiciones.controller.js.map": 1697528524235,
  "controller/BaseController-dbg.js": 1696581373867,
  "controller/BaseController.js.map": 1697528524224,
  "controller/App-dbg.controller.js": 1696581373867,
  "controller/App.controller.js.map": 1697528524229,
  "Component-dbg.js": 1696595162166,
  "Component.js.map": 1697528524232,
  "Component-preload.js": 1697528524468,
  "Component-preload.js.map": 1697528524468,
  "view/QuickView1.fragment.xml": 1696581373871,
  "view/MasterPage1.view.xml": 1696847037397,
  "view/DetailVivienda2.view.xml": 1696843002342,
  "view/DetailVivienda.view.xml": 1696848366310,
  "view/DetailHome.view.xml": 1696581373871,
  "view/DetailCuadro2.view.xml": 1696581373871,
  "view/DetailCuadro.view.xml": 1696581373871,
  "view/DetailCotitular.view.xml": 1696581373871,
  "view/DetailConsumo2.view.xml": 1696581373871,
  "view/DetailConsumo.view.xml": 1696850099708,
  "view/DetailCondiciones3.view.xml": 1696581373871,
  "view/DetailCondiciones2.view.xml": 1696581373871,
  "view/DetailCondiciones.view.xml": 1696581373871,
  "view/App.view.xml": 1696581373871,
  "img/logoICO.jpg": 1696581313764,
  "fragment/detailVivienda.fragment.xml": 1696581373871,
  "fragment/detailCuadro.fragment.xml": 1696581373871,
  "fragment/detailConsumo.fragment.xml": 1696581373871,
  "fragment/detailCondiciones.fragment.xml": 1696581373871,
  "css/style.css": 1696842637277,
  "index.html": 1696580411738
}