{
  "controller/QuickView1.js.map": 1696338400115,
  "i18n/i18n_en.properties": 1693810587531,
  "controller/DetailConsumo2.controller.js": 1694512744489,
  "model/models.js": 1695905300527,
  "model/errorHandling.js": 1693407940614,
  "controller/utilities.js": 1694512718629,
  "controller/QuickView1.js": 1694512744489,
  "controller/MasterPage1.controller.js": 1694512744489,
  "controller/ListSelector.js": 1694512744489,
  "controller/DetailVivienda2.controller.js": 1694512744489,
  "controller/DetailVivienda.controller.js": 1694512744489,
  "controller/DetailHome.controller.js": 1694512744489,
  "controller/DetailCuadro2.controller.js": 1694512744489,
  "controller/DetailCuadro.controller.js": 1694512744489,
  "controller/DetailCotitular.controller.js": 1694512744489,
  "utils/utils.js": 1695800270338,
  "controller/DetailConsumo.controller.js": 1694512744489,
  "controller/DetailCondiciones3.controller.js": 1694512744489,
  "controller/DetailCondiciones2.controller.js": 1694512744489,
  "controller/DetailCondiciones.controller.js": 1694512744489,
  "controller/BaseController.js": 1694512744489,
  "controller/App.controller.js": 1694512849398,
  "manifest.json": 1696338399865,
  "Component.js": 1695048115584,
  "controller/BaseController-dbg.js": 1694512744489,
  "controller/BaseController.js.map": 1696338400110,
  "model/models-dbg.js": 1695905300527,
  "model/models.js.map": 1696338400105,
  "model/errorHandling-dbg.js": 1693407940614,
  "model/errorHandling.js.map": 1696338400141,
  "controller/utilities-dbg.js": 1694512718629,
  "controller/utilities.js.map": 1696338400099,
  "controller/QuickView1-dbg.js": 1694512744489,
  "i18n/i18n.properties": 1693810500065,
  "controller/MasterPage1-dbg.controller.js": 1694512744489,
  "controller/MasterPage1.controller.js.map": 1696338400147,
  "controller/ListSelector-dbg.js": 1694512744489,
  "controller/ListSelector.js.map": 1696338400129,
  "controller/DetailVivienda2-dbg.controller.js": 1694512744489,
  "controller/DetailVivienda2.controller.js.map": 1696338400134,
  "controller/DetailVivienda-dbg.controller.js": 1694512744489,
  "controller/DetailVivienda.controller.js.map": 1696338400145,
  "controller/DetailHome-dbg.controller.js": 1694512744489,
  "controller/DetailHome.controller.js.map": 1696338400142,
  "controller/DetailCuadro2-dbg.controller.js": 1694512744489,
  "controller/DetailCuadro2.controller.js.map": 1696338400204,
  "controller/DetailCuadro-dbg.controller.js": 1694512744489,
  "controller/DetailCuadro.controller.js.map": 1696338400203,
  "controller/DetailCotitular-dbg.controller.js": 1694512744489,
  "controller/DetailCotitular.controller.js.map": 1696338400192,
  "utils/utils-dbg.js": 1695800270338,
  "utils/utils.js.map": 1696338400188,
  "controller/DetailConsumo-dbg.controller.js": 1694512744489,
  "controller/DetailConsumo.controller.js.map": 1696338400206,
  "controller/DetailCondiciones3-dbg.controller.js": 1694512744489,
  "controller/DetailCondiciones3.controller.js.map": 1696338400207,
  "controller/DetailCondiciones2-dbg.controller.js": 1694512744489,
  "controller/DetailCondiciones2.controller.js.map": 1696338400220,
  "controller/DetailCondiciones-dbg.controller.js": 1694512744489,
  "controller/DetailCondiciones.controller.js.map": 1696338400229,
  "controller/DetailConsumo2-dbg.controller.js": 1694512744489,
  "controller/DetailConsumo2.controller.js.map": 1696338400220,
  "controller/App-dbg.controller.js": 1694512849398,
  "controller/App.controller.js.map": 1696338400220,
  "Component-dbg.js": 1695048115584,
  "Component.js.map": 1696338400226,
  "Component-preload.js": 1696338400681,
  "Component-preload.js.map": 1696338400682,
  "view/QuickView1.fragment.xml": 1694512773712,
  "view/MasterPage1.view.xml": 1694601657664,
  "view/DetailVivienda2.view.xml": 1694618951838,
  "view/DetailVivienda.view.xml": 1694618939178,
  "view/DetailHome.view.xml": 1694781665067,
  "view/DetailCuadro2.view.xml": 1694619076473,
  "view/DetailCuadro.view.xml": 1694619039365,
  "view/DetailCotitular.view.xml": 1694512773712,
  "view/DetailConsumo2.view.xml": 1694618843599,
  "view/DetailConsumo.view.xml": 1695019668014,
  "view/DetailCondiciones3.view.xml": 1694618511662,
  "view/DetailCondiciones2.view.xml": 1694618539514,
  "view/DetailCondiciones.view.xml": 1694618549614,
  "view/App.view.xml": 1694512773712,
  "img/logoICO.jpg": 1694514004226,
  "fragment/detailVivienda.fragment.xml": 1694445248050,
  "fragment/detailCuadro.fragment.xml": 1694443291905,
  "fragment/detailConsumo.fragment.xml": 1694445338346,
  "fragment/detailCondiciones.fragment.xml": 1694505957156,
  "css/style.css": 1695019769656,
  "index.html": 1693409011373
}